id_bdq,foco_id,lat,lon,data_pas,pais,estado,municipio,bioma
 1616289027 ,fa0adac6-adf3-34db-8e59-6c9c24ac113d,  -21.201640 ,  -41.904220 ,2023-01-13 16:47:00,Brasil,RIO DE JANEIRO,ITAPERUNA,Mata Atlântica
 1616289028 ,e83d940f-27ae-34bf-8a03-5cb9ea01bf78,  -22.440940 ,  -44.387940 ,2023-01-13 16:47:00,Brasil,RIO DE JANEIRO,RESENDE,Mata Atlântica
 1616289029 ,2001e9bc-3229-33c3-8553-e7fc5e6ba1d9,  -22.744000 ,  -43.699180 ,2023-01-13 16:47:00,Brasil,RIO DE JANEIRO,SEROPÉDICA,Mata Atlântica
 1619125796 ,d2d43134-f167-34e0-98d4-661515f3c0d4,  -21.134380 ,  -42.161980 ,2023-02-07 16:28:00,Brasil,RIO DE JANEIRO,ITAPERUNA,Mata Atlântica
 1619527304 ,f7be7b2d-149f-3192-a97c-627a57c0f59a,  -22.735070 ,  -42.720340 ,2023-02-10 16:56:00,Brasil,RIO DE JANEIRO,TANGUÁ,Mata Atlântica
 1620869262 ,79aad2dc-5280-3867-a65f-11271bc3b1b8,  -22.448800 ,  -44.511480 ,2023-02-19 16:45:00,Brasil,RIO DE JANEIRO,ITATIAIA,Mata Atlântica
 1620869265 ,efabe361-17d4-3403-beaa-47e0aac43b6d,  -22.878370 ,  -43.744170 ,2023-02-19 16:45:00,Brasil,RIO DE JANEIRO,RIO DE JANEIRO,Mata Atlântica
 1621094128 ,8a03d76f-855f-376f-9618-a070b4b10678,  -21.772930 ,  -41.766350 ,2023-02-21 16:32:00,Brasil,RIO DE JANEIRO,SÃO FIDÉLIS,Mata Atlântica
 1621094132 ,681b2cf3-a61d-3a0f-b01d-0a8a42b9c5f8,  -21.774320 ,  -41.777660 ,2023-02-21 16:32:00,Brasil,RIO DE JANEIRO,SÃO FIDÉLIS,Mata Atlântica
 1621094136 ,d8de6557-6d58-3b0a-8ebf-a71158587f0d,  -21.774580 ,  -41.771280 ,2023-02-21 16:32:00,Brasil,RIO DE JANEIRO,SÃO FIDÉLIS,Mata Atlântica
 1621094140 ,77e3429f-48a7-3a3b-80fa-1f8b4ddbcbed,  -22.709420 ,  -42.637040 ,2023-02-21 16:32:00,Brasil,RIO DE JANEIRO,RIO BONITO,Mata Atlântica
 1622095872 ,ba087d9d-284b-3add-95c5-a6660259cbea,  -21.257850 ,  -41.686290 ,2023-02-28 16:34:00,Brasil,RIO DE JANEIRO,ITAPERUNA,Mata Atlântica
 1622307286 ,0e519534-fc57-3116-9b8e-a80c9934ec69,  -22.608750 ,  -43.188930 ,2023-03-03 17:02:00,Brasil,RIO DE JANEIRO,MAGÉ,Mata Atlântica
 1624298581 ,e54dee33-395b-3772-b6f1-e70dd55fab5b,  -22.579140 ,  -42.264260 ,2023-03-23 16:24:00,Brasil,RIO DE JANEIRO,SILVA JARDIM,Mata Atlântica
 1624298786 ,fc4bfb25-1cae-3132-90b4-ebe88801847c,  -22.581680 ,  -42.258830 ,2023-03-23 16:24:00,Brasil,RIO DE JANEIRO,SILVA JARDIM,Mata Atlântica
 1624701516 ,800b1e05-f8e3-3341-8a24-c7c80e6135cb,  -22.040490 ,  -41.106120 ,2023-03-26 16:52:00,Brasil,RIO DE JANEIRO,CAMPOS DOS GOYTACAZES,Mata Atlântica
 1624701532 ,5e4ce53b-3df1-3e96-a3c7-d0a546db23c0,  -22.049930 ,  -41.104370 ,2023-03-26 16:52:00,Brasil,RIO DE JANEIRO,CAMPOS DOS GOYTACAZES,Mata Atlântica
 1624701571 ,7e0e52c7-7406-3ac6-8c22-3bfc5eeaad75,  -22.493830 ,  -41.941990 ,2023-03-26 16:52:00,Brasil,RIO DE JANEIRO,RIO DAS OSTRAS,Mata Atlântica
 1624701578 ,e464eddc-5007-375e-8a82-73c116b50481,  -22.753330 ,  -42.692600 ,2023-03-26 16:52:00,Brasil,RIO DE JANEIRO,RIO BONITO,Mata Atlântica
 1624701587 ,b38c6986-6c9a-3724-9897-ebb4f3bfdf0b,  -22.843390 ,  -42.550260 ,2023-03-26 16:52:00,Brasil,RIO DE JANEIRO,SAQUAREMA,Mata Atlântica
 1624945841 ,15a5fb43-e10c-3f3c-94a2-129dd1f96908,  -21.863810 ,  -41.334510 ,2023-03-28 16:39:00,Brasil,RIO DE JANEIRO,CAMPOS DOS GOYTACAZES,Mata Atlântica
 1625760791 ,6c1fc111-4651-3889-8bd4-8dfeacdb4b19,  -22.524150 ,  -42.075560 ,2023-04-04 16:39:00,Brasil,RIO DE JANEIRO,CASIMIRO DE ABREU,Mata Atlântica
 1625760792 ,cf054839-6737-3e00-9e3e-c8920eaae77b,  -22.525550 ,  -42.086370 ,2023-04-04 16:39:00,Brasil,RIO DE JANEIRO,CASIMIRO DE ABREU,Mata Atlântica
 1626939333 ,7a7062df-bd6e-329a-9b9e-390ce1cdd286,  -22.235610 ,  -41.804710 ,2023-04-13 16:26:00,Brasil,RIO DE JANEIRO,MACAÉ,Mata Atlântica
 1628765496 ,70d7caff-1b21-3179-87b4-4a4d504cfece,  -22.750300 ,  -42.056560 ,2023-05-02 16:41:00,Brasil,RIO DE JANEIRO,CABO FRIO,Mata Atlântica
 1629087432 ,416d5f8e-521e-3a59-9359-316cd10cc31c,  -22.605500 ,  -42.063300 ,2023-05-05 17:09:00,Brasil,RIO DE JANEIRO,CABO FRIO,Mata Atlântica
 1629087435 ,b739f8c7-bf4f-3a55-8e5a-ad700bcb56b4,  -22.608140 ,  -42.078330 ,2023-05-05 17:09:00,Brasil,RIO DE JANEIRO,CABO FRIO,Mata Atlântica
 1630986046 ,a3a53a05-ef30-3956-bb1c-d65b17ce4257,  -22.456500 ,  -44.376080 ,2023-05-21 16:54:00,Brasil,RIO DE JANEIRO,RESENDE,Mata Atlântica
 1630986253 ,128271e0-8309-3f15-8360-365352a6fa9b,  -22.761890 ,  -43.726840 ,2023-05-21 16:54:00,Brasil,RIO DE JANEIRO,SEROPÉDICA,Mata Atlântica
 1630986270 ,521b7198-b2c4-3220-ac70-497c687a2331,  -22.763260 ,  -43.736610 ,2023-05-21 16:54:00,Brasil,RIO DE JANEIRO,SEROPÉDICA,Mata Atlântica
 1631113001 ,12d8061a-e587-310a-9a53-a314aabd44b2,  -22.734070 ,  -43.743470 ,2023-05-23 16:39:00,Brasil,RIO DE JANEIRO,SEROPÉDICA,Mata Atlântica
 1631395654 ,14cb4c2f-f953-37df-a6a8-85f8b8cd1879,  -22.794540 ,  -43.662650 ,2023-05-26 17:09:00,Brasil,RIO DE JANEIRO,SEROPÉDICA,Mata Atlântica
 1631592003 ,074c63e0-ff1d-310e-bb40-fb82169d700d,  -22.698370 ,  -43.574710 ,2023-05-28 16:54:00,Brasil,RIO DE JANEIRO,QUEIMADOS,Mata Atlântica
 1631592006 ,62499d19-c46f-3a9c-91a6-8246f859dbcf,  -22.714420 ,  -43.237940 ,2023-05-28 16:54:00,Brasil,RIO DE JANEIRO,DUQUE DE CAXIAS,Mata Atlântica
 1631592007 ,fd768c70-a2e5-334d-8e81-f12943a90935,  -22.765090 ,  -43.728440 ,2023-05-28 16:54:00,Brasil,RIO DE JANEIRO,SEROPÉDICA,Mata Atlântica
 1631592009 ,81c744ae-6ef8-31ea-b3ae-691521a5bfda,  -22.766460 ,  -43.738270 ,2023-05-28 16:54:00,Brasil,RIO DE JANEIRO,SEROPÉDICA,Mata Atlântica
 1631592010 ,07724cd8-5cbe-3fd1-8856-c94f02e9ed52,  -22.836980 ,  -43.449520 ,2023-05-28 16:54:00,Brasil,RIO DE JANEIRO,NILÓPOLIS,Mata Atlântica
 1631592013 ,7f38b982-7f9a-39b7-962b-2f4d0aa86c11,  -22.838350 ,  -43.459270 ,2023-05-28 16:54:00,Brasil,RIO DE JANEIRO,NILÓPOLIS,Mata Atlântica
 1631787675 ,80127ebb-263c-3d68-a76d-e614636c3992,  -21.490410 ,  -41.241970 ,2023-05-30 16:39:00,Brasil,RIO DE JANEIRO,SÃO FRANCISCO DE ITABAPOANA,Mata Atlântica
 1631787679 ,684b8dbf-1669-3a20-bfe6-2834550710da,  -21.491780 ,  -41.252200 ,2023-05-30 16:39:00,Brasil,RIO DE JANEIRO,SÃO FRANCISCO DE ITABAPOANA,Mata Atlântica
 1632316151 ,157d0d0b-5904-333c-8b56-c14a6f549513,  -22.547350 ,  -42.203540 ,2023-06-04 16:54:00,Brasil,RIO DE JANEIRO,SILVA JARDIM,Mata Atlântica
 1632515832 ,ab0db87c-f7cc-3b3c-b25b-d0fccdcbc071,  -22.163630 ,  -42.780520 ,2023-06-06 16:39:00,Brasil,RIO DE JANEIRO,TERESÓPOLIS,Mata Atlântica
 1632515834 ,bd9f6bc2-6840-3f95-8558-75bb96c03c25,  -22.719550 ,  -43.769430 ,2023-06-06 16:39:00,Brasil,RIO DE JANEIRO,ITAGUAÍ,Mata Atlântica
 1632846528 ,a171be80-43ca-305a-b050-9eb56e41dc05,  -22.128740 ,  -43.211850 ,2023-06-09 17:07:00,Brasil,RIO DE JANEIRO,TRÊS RIOS,Mata Atlântica
 1632846720 ,f6d427cd-77a3-36ca-8346-aa995ee73f8c,  -22.525510 ,  -43.588470 ,2023-06-09 17:07:00,Brasil,RIO DE JANEIRO,ENGENHEIRO PAULO DE FRONTIN,Mata Atlântica
 1632846729 ,c30e9e71-1058-3122-95ed-823515695bcf,  -22.758430 ,  -43.738980 ,2023-06-09 17:07:00,Brasil,RIO DE JANEIRO,SEROPÉDICA,Mata Atlântica
 1633029322 ,9979bb61-91e3-3a62-a9c2-e19f978db60e,  -21.181590 ,  -41.845910 ,2023-06-11 16:54:00,Brasil,RIO DE JANEIRO,ITAPERUNA,Mata Atlântica
 1633029325 ,b1c2afa9-1e2f-33f4-8901-0c0b27bf015e,  -21.248470 ,  -41.797400 ,2023-06-11 16:54:00,Brasil,RIO DE JANEIRO,ITAPERUNA,Mata Atlântica
 1633029328 ,3e96ce4f-218b-3655-a805-d4720adc0b02,  -22.136180 ,  -43.216130 ,2023-06-11 16:54:00,Brasil,RIO DE JANEIRO,TRÊS RIOS,Mata Atlântica
 1633029338 ,41b15176-a10a-3dc9-822a-badb67b2229b,  -22.961200 ,  -43.527790 ,2023-06-11 16:54:00,Brasil,RIO DE JANEIRO,RIO DE JANEIRO,Mata Atlântica
 1634228680 ,2638bdbc-04ad-34b7-862d-dc620f29d7ff,  -22.301200 ,  -43.489920 ,2023-06-21 17:20:00,Brasil,RIO DE JANEIRO,VASSOURAS,Mata Atlântica
 1634228682 ,6c2d592a-f321-3dc9-b7c5-76976cf7c8ee,  -22.304450 ,  -43.507850 ,2023-06-21 17:20:00,Brasil,RIO DE JANEIRO,VASSOURAS,Mata Atlântica
 1634228685 ,4b22d953-8429-315b-8c04-cf35f8dc3bd4,  -22.921100 ,  -43.652480 ,2023-06-21 17:20:00,Brasil,RIO DE JANEIRO,RIO DE JANEIRO,Mata Atlântica
 1634383238 ,b58c1079-f5e7-3d25-84d3-4c74f83f0657,  -21.638550 ,  -41.219960 ,2023-06-22 16:24:00,Brasil,RIO DE JANEIRO,CAMPOS DOS GOYTACAZES,Mata Atlântica
 1634952867 ,63bac455-8163-3783-8032-8632940237b2,  -22.219970 ,  -43.411970 ,2023-06-26 17:34:00,Brasil,RIO DE JANEIRO,RIO DAS FLORES,Mata Atlântica
 1635039717 ,84ab25bd-6350-3424-85a2-945e69ed3c81,  -22.841350 ,  -43.772060 ,2023-06-27 16:37:00,Brasil,RIO DE JANEIRO,ITAGUAÍ,Mata Atlântica
 1635039722 ,b09a3cfd-db31-37db-b3ae-5222599c8cf4,  -22.842870 ,  -43.761870 ,2023-06-27 16:37:00,Brasil,RIO DE JANEIRO,ITAGUAÍ,Mata Atlântica
 1635039726 ,7f2ad453-9417-3e43-ad51-a65d4af04b47,  -22.860300 ,  -43.837510 ,2023-06-27 16:37:00,Brasil,RIO DE JANEIRO,ITAGUAÍ,Mata Atlântica
 1635039729 ,e623a281-71a9-3044-8db6-4be220af2cc9,  -22.886400 ,  -42.870770 ,2023-06-27 16:37:00,Brasil,RIO DE JANEIRO,MARICÁ,Mata Atlântica
 1635039860 ,4d733ce2-2112-3afa-bf38-0220693e35f6,  -21.857570 ,  -41.691890 ,2023-06-27 16:37:00,Brasil,RIO DE JANEIRO,CAMPOS DOS GOYTACAZES,Mata Atlântica
 1635039864 ,18c26389-08af-33ba-8696-90487399f1ff,  -21.857840 ,  -41.685320 ,2023-06-27 16:37:00,Brasil,RIO DE JANEIRO,CAMPOS DOS GOYTACAZES,Mata Atlântica
 1635039867 ,fc4696cb-d4b8-3bbf-a43d-d6a32ca1a91e,  -21.859300 ,  -41.697150 ,2023-06-27 16:37:00,Brasil,RIO DE JANEIRO,CAMPOS DOS GOYTACAZES,Mata Atlântica
 1635039871 ,645bb5e3-ab1e-3fc5-9566-a3baed51ca01,  -21.907750 ,  -41.368860 ,2023-06-27 16:37:00,Brasil,RIO DE JANEIRO,CAMPOS DOS GOYTACAZES,Mata Atlântica
 1635039875 ,a2495eeb-0abc-3203-af8c-7f850c6d1ee8,  -21.910110 ,  -41.374630 ,2023-06-27 16:37:00,Brasil,RIO DE JANEIRO,CAMPOS DOS GOYTACAZES,Mata Atlântica
 1635039882 ,9545ae8b-63c7-3df1-8473-0a9612957389,  -22.839530 ,  -43.755330 ,2023-06-27 16:37:00,Brasil,RIO DE JANEIRO,ITAGUAÍ,Mata Atlântica
 1635143308 ,b90af000-7e09-36b7-96c6-75c521b7e289,  -22.784340 ,  -43.512490 ,2023-06-28 17:20:00,Brasil,RIO DE JANEIRO,NOVA IGUAÇU,Mata Atlântica
 1635143312 ,74309515-a61c-359d-a0e9-bed3450d52a8,  -22.625060 ,  -42.899510 ,2023-06-28 17:20:00,Brasil,RIO DE JANEIRO,CACHOEIRAS DE MACACU,Mata Atlântica
 1635143866 ,fd147f62-b333-38bb-9732-b7c6448e7779,  -22.210380 ,  -42.447050 ,2023-06-28 17:20:00,Brasil,RIO DE JANEIRO,BOM JARDIM,Mata Atlântica
 1635143868 ,b79583cb-f1c8-3605-b159-8d772dc42864,  -22.210710 ,  -42.452670 ,2023-06-28 17:20:00,Brasil,RIO DE JANEIRO,BOM JARDIM,Mata Atlântica
 1635143870 ,b972efb5-bb7d-3066-8ac7-d31bf5e7f196,  -22.908700 ,  -43.438790 ,2023-06-28 17:20:00,Brasil,RIO DE JANEIRO,RIO DE JANEIRO,Mata Atlântica
 1635653494 ,4b35cdaf-b3c7-3231-b909-f5646c93143a,  -22.745730 ,  -43.641810 ,2023-07-02 16:50:00,Brasil,RIO DE JANEIRO,QUEIMADOS,Mata Atlântica
 1636043974 ,9a3fdaca-d5df-38d2-ad23-51d000a686c8,  -22.708280 ,  -43.663600 ,2023-07-04 16:37:00,Brasil,RIO DE JANEIRO,SEROPÉDICA,Mata Atlântica
 1636043979 ,1d15b56d-5cd7-30b5-9db5-c193cfff96d6,  -22.054090 ,  -43.222380 ,2023-07-04 16:37:00,Brasil,RIO DE JANEIRO,COMENDADOR LEVY GASPARIAN,Mata Atlântica
 1636195542 ,60cb5224-5147-39f0-b9a6-afb1c074ca77,  -22.764550 ,  -43.727750 ,2023-07-05 17:20:00,Brasil,RIO DE JANEIRO,SEROPÉDICA,Mata Atlântica
 1636195543 ,f3d3838c-d2a2-3a3a-a5cd-fe4bdd0b35a1,  -22.580680 ,  -42.146410 ,2023-07-05 17:20:00,Brasil,RIO DE JANEIRO,CABO FRIO,Mata Atlântica
 1636381898 ,8ee31e92-a9cc-34d1-bbe9-ba827051f99e,  -22.662760 ,  -42.902600 ,2023-07-06 16:22:00,Brasil,RIO DE JANEIRO,ITABORAÍ,Mata Atlântica
 1636381905 ,fb367430-ad09-3b0c-915d-595ae49b7554,  -22.665430 ,  -42.930600 ,2023-07-06 16:22:00,Brasil,RIO DE JANEIRO,GUAPIMIRIM,Mata Atlântica
 1636555819 ,2488c45c-8140-3b3d-8218-d03a68474784,  -21.490260 ,  -41.226950 ,2023-07-07 17:05:00,Brasil,RIO DE JANEIRO,SÃO FRANCISCO DE ITABAPOANA,Mata Atlântica
 1636555828 ,c08d0b90-f4d8-39e6-b8f8-ca9f09175dec,  -21.617360 ,  -41.797520 ,2023-07-07 17:05:00,Brasil,RIO DE JANEIRO,SÃO FIDÉLIS,Mata Atlântica
 1636555837 ,9b06db94-e978-3611-9fd3-99ca929277be,  -21.619330 ,  -41.809500 ,2023-07-07 17:05:00,Brasil,RIO DE JANEIRO,SÃO FIDÉLIS,Mata Atlântica
 1636555883 ,19b896d2-a17b-31a0-8c93-96bb02502177,  -22.214650 ,  -42.948350 ,2023-07-07 17:05:00,Brasil,RIO DE JANEIRO,SÃO JOSÉ DO VALE DO RIO PRETO,Mata Atlântica
 1636555891 ,5b392c0d-f9b5-364e-b782-f2730372e28c,  -22.216300 ,  -42.958720 ,2023-07-07 17:05:00,Brasil,RIO DE JANEIRO,SÃO JOSÉ DO VALE DO RIO PRETO,Mata Atlântica
 1636555907 ,62815fa6-8a1f-30e6-84e8-efcfa24711f2,  -22.503520 ,  -44.030850 ,2023-07-07 17:05:00,Brasil,RIO DE JANEIRO,PINHEIRAL,Mata Atlântica
 1636555915 ,7ffdfb43-4516-335b-89b2-156d8afbe4de,  -22.552420 ,  -43.565240 ,2023-07-07 17:05:00,Brasil,RIO DE JANEIRO,MIGUEL PEREIRA,Mata Atlântica
 1636555922 ,a7bdd3cd-f3fa-3a0f-a973-b13524690b71,  -22.633560 ,  -42.897310 ,2023-07-07 17:05:00,Brasil,RIO DE JANEIRO,CACHOEIRAS DE MACACU,Mata Atlântica
 1636555931 ,0f02bfa4-6c09-3df1-a2a2-4ed470e908ce,  -22.661590 ,  -43.610730 ,2023-07-07 17:05:00,Brasil,RIO DE JANEIRO,JAPERI,Mata Atlântica
 1636555974 ,c2ebfe5f-570e-325e-a66e-f6326e295ef5,  -22.825640 ,  -43.785050 ,2023-07-07 17:05:00,Brasil,RIO DE JANEIRO,ITAGUAÍ,Mata Atlântica
 1636555977 ,590f927a-5658-3696-abcf-8d8013c66b7b,  -22.828460 ,  -42.620950 ,2023-07-07 17:05:00,Brasil,RIO DE JANEIRO,RIO BONITO,Mata Atlântica
 1636555979 ,5cd9fd7b-981d-3622-a868-55d7b38fbaff,  -22.900230 ,  -43.796570 ,2023-07-07 17:05:00,Brasil,RIO DE JANEIRO,ITAGUAÍ,Mata Atlântica
 1636556249 ,371d9873-6baf-3760-8132-395eb6939edb,  -21.094400 ,  -42.048760 ,2023-07-07 17:05:00,Brasil,RIO DE JANEIRO,ITAPERUNA,Mata Atlântica
 1637255708 ,56a6adad-a524-353a-b9f6-ab49f1478396,  -21.548910 ,  -41.173740 ,2023-07-11 16:35:00,Brasil,RIO DE JANEIRO,SÃO FRANCISCO DE ITABAPOANA,Mata Atlântica
 1637255709 ,03cfb3a7-97ae-37d1-962f-1e628dacb4a1,  -21.550410 ,  -41.185670 ,2023-07-11 16:35:00,Brasil,RIO DE JANEIRO,SÃO FRANCISCO DE ITABAPOANA,Mata Atlântica
 1637255712 ,ae382f54-fcbe-3c79-9ed4-784d5c31fe20,  -21.649660 ,  -41.251750 ,2023-07-11 16:35:00,Brasil,RIO DE JANEIRO,CAMPOS DOS GOYTACAZES,Mata Atlântica
 1637255713 ,99ed22fd-24e7-3e50-ad4c-f9f42581137a,  -22.296440 ,  -43.551710 ,2023-07-11 16:35:00,Brasil,RIO DE JANEIRO,VASSOURAS,Mata Atlântica
 1637255714 ,70b8b2ae-a655-34df-91fe-e8924d6f6a18,  -22.308310 ,  -43.550160 ,2023-07-11 16:35:00,Brasil,RIO DE JANEIRO,VASSOURAS,Mata Atlântica
 1637467516 ,7af57c0f-ef5f-3487-977c-d886f47f841d,  -22.318150 ,  -43.184370 ,2023-07-12 17:17:00,Brasil,RIO DE JANEIRO,PETRÓPOLIS,Mata Atlântica
 1637467520 ,dcd993b0-243c-364c-8d07-5e237210ddaa,  -22.383500 ,  -43.695910 ,2023-07-12 17:17:00,Brasil,RIO DE JANEIRO,VASSOURAS,Mata Atlântica
 1637467524 ,03f9d0de-8cde-3980-8f9e-86506c8f8a5f,  -22.633320 ,  -43.980100 ,2023-07-12 17:17:00,Brasil,RIO DE JANEIRO,PIRAÍ,Mata Atlântica
 1637467526 ,4133d29c-9c28-3893-a999-28c637db796f,  -22.693830 ,  -43.739840 ,2023-07-12 17:17:00,Brasil,RIO DE JANEIRO,SEROPÉDICA,Mata Atlântica
 1637467529 ,1dcd4150-a1e3-3eeb-bfd8-3324d1b7fb3c,  -22.704610 ,  -43.737780 ,2023-07-12 17:17:00,Brasil,RIO DE JANEIRO,SEROPÉDICA,Mata Atlântica
 1637467533 ,f9b5676a-35c2-3f9e-b2a6-15b26ea0850d,  -22.783890 ,  -43.593840 ,2023-07-12 17:17:00,Brasil,RIO DE JANEIRO,NOVA IGUAÇU,Mata Atlântica
 1638318678 ,7bf27cfc-a3bb-356b-b6d6-624b32e77f03,  -21.444300 ,  -41.181330 ,2023-07-16 16:50:00,Brasil,RIO DE JANEIRO,SÃO FRANCISCO DE ITABAPOANA,Mata Atlântica
 1638318682 ,c3d7a5ab-b340-302a-ab77-10bec91fd102,  -22.089910 ,  -43.238210 ,2023-07-16 16:50:00,Brasil,RIO DE JANEIRO,TRÊS RIOS,Mata Atlântica
 1638318686 ,2c891645-57b5-336e-bfad-ed38244ec33d,  -22.091320 ,  -43.248720 ,2023-07-16 16:50:00,Brasil,RIO DE JANEIRO,COMENDADOR LEVY GASPARIAN,Mata Atlântica
 1638318690 ,f1ef366d-09e9-35e1-90f0-d7d5e8d6e26e,  -22.092740 ,  -43.259340 ,2023-07-16 16:50:00,Brasil,RIO DE JANEIRO,PARAÍBA DO SUL,Mata Atlântica
 1638318693 ,b79a4284-8dbc-31d7-9c45-4552acb8d65c,  -22.169470 ,  -43.583090 ,2023-07-16 16:50:00,Brasil,RIO DE JANEIRO,RIO DAS FLORES,Mata Atlântica
 1638318697 ,0bdab694-18bc-3d51-87d1-04cfdec9a0ff,  -22.456490 ,  -44.491390 ,2023-07-16 16:50:00,Brasil,RIO DE JANEIRO,ITATIAIA,Mata Atlântica
 1638318702 ,ad77cdf5-91d0-35c1-bac5-796fd3df54fb,  -22.501930 ,  -43.504640 ,2023-07-16 16:50:00,Brasil,RIO DE JANEIRO,MIGUEL PEREIRA,Mata Atlântica
 1638318706 ,857927f3-85ee-3af6-8f3f-685bd593f5c6,  -22.790980 ,  -43.585490 ,2023-07-16 16:50:00,Brasil,RIO DE JANEIRO,NOVA IGUAÇU,Mata Atlântica
 1638318709 ,ef9273b8-5fd4-36fc-a79e-125c545513ea,  -22.798600 ,  -43.740120 ,2023-07-16 16:50:00,Brasil,RIO DE JANEIRO,SEROPÉDICA,Mata Atlântica
 1638318713 ,78c49367-7873-3bf8-8140-0ec07facc4ac,  -22.800090 ,  -43.751540 ,2023-07-16 16:50:00,Brasil,RIO DE JANEIRO,SEROPÉDICA,Mata Atlântica
 1638318717 ,7f1548d5-b0da-3ca6-a311-6e4a30966a0e,  -22.827550 ,  -43.718690 ,2023-07-16 16:50:00,Brasil,RIO DE JANEIRO,SEROPÉDICA,Mata Atlântica
 1638318722 ,87488de0-4aef-33ff-8d8b-407967985493,  -22.901460 ,  -43.754320 ,2023-07-16 16:50:00,Brasil,RIO DE JANEIRO,RIO DE JANEIRO,Mata Atlântica
 1638771854 ,a760d738-510f-39db-a9e7-1b35acc94afd,  -21.223470 ,  -41.877370 ,2023-07-18 16:35:00,Brasil,RIO DE JANEIRO,ITAPERUNA,Mata Atlântica
 1638771858 ,7c85e791-bf67-3498-b049-75624bb69eb6,  -21.230290 ,  -41.881680 ,2023-07-18 16:35:00,Brasil,RIO DE JANEIRO,ITAPERUNA,Mata Atlântica
 1638771862 ,afa548ff-8e22-3c40-959b-61a2d699a31b,  -21.243030 ,  -41.860450 ,2023-07-18 16:35:00,Brasil,RIO DE JANEIRO,ITAPERUNA,Mata Atlântica
 1638771866 ,4dee7136-10e9-38cf-9f8b-270e4d83e92e,  -21.624070 ,  -41.378690 ,2023-07-18 16:35:00,Brasil,RIO DE JANEIRO,CAMPOS DOS GOYTACAZES,Mata Atlântica
 1638771869 ,4800dab8-fb5d-3bb5-8e75-145a9d7c20fd,  -21.779410 ,  -42.157670 ,2023-07-18 16:35:00,Brasil,RIO DE JANEIRO,ITAOCARA,Mata Atlântica
 1638771873 ,a601fe68-8b8e-3723-9fc5-c6b851dd6274,  -22.122050 ,  -42.156100 ,2023-07-18 16:35:00,Brasil,RIO DE JANEIRO,TRAJANO DE MORAES,Mata Atlântica
 1638771878 ,97a6276f-62be-36f6-80ed-672a4707b1b8,  -22.312670 ,  -43.299740 ,2023-07-18 16:35:00,Brasil,RIO DE JANEIRO,PARAÍBA DO SUL,Mata Atlântica
 1638771882 ,d1d185fe-854b-3449-89a6-ef0142af3ad1,  -22.317540 ,  -43.293760 ,2023-07-18 16:35:00,Brasil,RIO DE JANEIRO,PARAÍBA DO SUL,Mata Atlântica
 1639619616 ,007b9024-844b-383f-9af2-a613802e150f,  -22.614950 ,  -44.047430 ,2023-07-23 16:48:00,Brasil,RIO DE JANEIRO,PIRAÍ,Mata Atlântica
 1639619618 ,f697eb1c-304a-3827-a758-9be891d1d98b,  -22.899690 ,  -42.638980 ,2023-07-23 16:48:00,Brasil,RIO DE JANEIRO,SAQUAREMA,Mata Atlântica
 1639878753 ,e9da2ca0-2801-3a14-a484-1fc2d7a9b8f3,  -22.681370 ,  -43.656730 ,2023-07-24 17:28:00,Brasil,RIO DE JANEIRO,SEROPÉDICA,Mata Atlântica
 1639878759 ,78bde6d2-4fa5-3b99-ab1e-ca4ef44a6559,  -22.807650 ,  -43.694590 ,2023-07-24 17:28:00,Brasil,RIO DE JANEIRO,SEROPÉDICA,Mata Atlântica
 1639878762 ,8d9f96d9-8d9a-351e-83ff-054a97bbaf42,  -22.816520 ,  -43.685070 ,2023-07-24 17:28:00,Brasil,RIO DE JANEIRO,SEROPÉDICA,Mata Atlântica
 1639878764 ,0e3d57d1-4a06-3039-8146-f5f8876a5f37,  -22.834250 ,  -43.775730 ,2023-07-24 17:28:00,Brasil,RIO DE JANEIRO,ITAGUAÍ,Mata Atlântica
 1639992712 ,75688bc0-6210-38b7-9417-5b95875dd63a,  -21.493370 ,  -41.152480 ,2023-07-25 16:35:00,Brasil,RIO DE JANEIRO,SÃO FRANCISCO DE ITABAPOANA,Mata Atlântica
 1639992714 ,ee683687-d38c-38b4-9f68-4d3aa945936e,  -21.537230 ,  -41.335740 ,2023-07-25 16:35:00,Brasil,RIO DE JANEIRO,CAMPOS DOS GOYTACAZES,Mata Atlântica
 1639992715 ,698f243e-16a7-3c2b-92ac-0df1f8bd31eb,  -22.331420 ,  -41.860320 ,2023-07-25 16:35:00,Brasil,RIO DE JANEIRO,MACAÉ,Mata Atlântica
 1654406718 ,1e1ad59a-3e93-38d5-af8f-3a869ee7a81c,  -21.769380 ,  -42.170060 ,2023-10-04 16:56:00,Brasil,RIO DE JANEIRO,ITAOCARA,Mata Atlântica
 1654406719 ,a5e0f642-705a-3be5-bc8b-d5e14869ddd8,  -21.695580 ,  -41.172390 ,2023-10-04 16:56:00,Brasil,RIO DE JANEIRO,CAMPOS DOS GOYTACAZES,Mata Atlântica
 1655153768 ,f982cb87-994d-3683-922c-7192aa94ce86,  -21.373220 ,  -42.163850 ,2023-10-08 16:26:00,Brasil,RIO DE JANEIRO,MIRACEMA,Mata Atlântica
 1655153769 ,66ca94c0-5046-3e3b-9f97-3764070b13b1,  -21.370770 ,  -42.140000 ,2023-10-08 16:26:00,Brasil,RIO DE JANEIRO,MIRACEMA,Mata Atlântica
 1657684977 ,1f7be6b7-5c62-3cb8-89d1-d11264e5884c,  -22.604410 ,  -44.119200 ,2023-10-23 17:02:00,Brasil,RIO DE JANEIRO,BARRA MANSA,Mata Atlântica
 1657684978 ,0770df58-7f2b-39c6-af30-64c682ed8b78,  -22.554350 ,  -44.224480 ,2023-10-23 17:02:00,Brasil,RIO DE JANEIRO,BARRA MANSA,Mata Atlântica
 1657684983 ,71a9c05b-3260-37ff-9c7d-c5d2ee087437,  -21.819240 ,  -41.435940 ,2023-10-23 17:02:00,Brasil,RIO DE JANEIRO,CAMPOS DOS GOYTACAZES,Mata Atlântica
 1647932067 ,2e6db5ea-70f6-3df1-9a5a-9272a68ce316,  -21.345030 ,  -42.009980 ,2023-09-01 16:54:00,Brasil,RIO DE JANEIRO,SÃO JOSÉ DE UBÁ,Mata Atlântica
 1647932068 ,a5da00b6-7da7-3dd0-8b7b-660f6c7bbbcd,  -21.346400 ,  -42.019520 ,2023-09-01 16:54:00,Brasil,RIO DE JANEIRO,SÃO JOSÉ DE UBÁ,Mata Atlântica
 1647932071 ,fa4faab9-4c1f-300e-90bf-c8eecc00b8bf,  -22.083460 ,  -42.222400 ,2023-09-01 16:52:00,Brasil,RIO DE JANEIRO,TRAJANO DE MORAES,Mata Atlântica
 1647932072 ,9109d97c-12d1-3df7-9237-f8381a38c1e6,  -22.304340 ,  -43.498630 ,2023-09-01 16:52:00,Brasil,RIO DE JANEIRO,VASSOURAS,Mata Atlântica
 1647932073 ,917f8ac7-f7dc-334c-a1a7-acf71834744e,  -22.644820 ,  -42.694360 ,2023-09-01 16:52:00,Brasil,RIO DE JANEIRO,CACHOEIRAS DE MACACU,Mata Atlântica
 1648277984 ,444e6f44-86f5-3fdd-8785-95fe3544e84b,  -22.363220 ,  -43.690740 ,2023-09-03 16:39:00,Brasil,RIO DE JANEIRO,VASSOURAS,Mata Atlântica
 1648277985 ,2875a6af-13d2-34d9-9d8a-28ede4793441,  -22.361180 ,  -43.672380 ,2023-09-03 16:39:00,Brasil,RIO DE JANEIRO,VASSOURAS,Mata Atlântica
 1648448786 ,da4f7c7e-cb8b-3f88-a3dc-a8c2a6b3fe0b,  -22.076150 ,  -42.216710 ,2023-09-04 17:20:00,Brasil,RIO DE JANEIRO,TRAJANO DE MORAES,Mata Atlântica
 1648448794 ,17464d9e-49e4-3456-9716-d6ea8164f8ee,  -22.802230 ,  -43.729690 ,2023-09-04 17:20:00,Brasil,RIO DE JANEIRO,SEROPÉDICA,Mata Atlântica
 1648689835 ,5a0e0a43-115f-39cd-bb10-a9c7c3cf3893,  -21.292770 ,  -41.110630 ,2023-09-05 16:24:00,Brasil,RIO DE JANEIRO,SÃO FRANCISCO DE ITABAPOANA,Mata Atlântica
 1649357264 ,5951ebb3-a8ac-3f71-8258-1b358dc1c0a7,  -21.718500 ,  -42.172050 ,2023-09-08 16:52:00,Brasil,RIO DE JANEIRO,ITAOCARA,Mata Atlântica
 1649357282 ,2c9997bd-f2ac-3f80-9c57-8464aa4032d8,  -22.308700 ,  -43.484160 ,2023-09-08 16:52:00,Brasil,RIO DE JANEIRO,PATY DO ALFERES,Mata Atlântica
 1649357283 ,f1c574d8-87a8-3cd1-9da8-c8f5b4130c99,  -22.170950 ,  -43.276440 ,2023-09-08 16:52:00,Brasil,RIO DE JANEIRO,PARAÍBA DO SUL,Mata Atlântica
 1649770240 ,1d5f34cf-d6a7-304e-bf07-8d745d4f3de4,  -21.890530 ,  -41.316080 ,2023-09-10 16:37:00,Brasil,RIO DE JANEIRO,CAMPOS DOS GOYTACAZES,Mata Atlântica
 1650015475 ,3395f771-a2ea-300a-8916-589fe37cd03a,  -22.918020 ,  -42.419910 ,2023-09-11 17:17:00,Brasil,RIO DE JANEIRO,SAQUAREMA,Mata Atlântica
 1650015478 ,1c2f809c-c37f-3ec1-9d11-d82fd9d34d2a,  -22.857230 ,  -43.060170 ,2023-09-11 17:17:00,Brasil,RIO DE JANEIRO,SÃO GONÇALO,Mata Atlântica
 1650015479 ,af344ed5-090b-3cd8-aa53-f866283dfc49,  -22.784800 ,  -43.715980 ,2023-09-11 17:17:00,Brasil,RIO DE JANEIRO,SEROPÉDICA,Mata Atlântica
 1650015480 ,1d35cc1d-4eaa-39ed-bfa8-123a937e68c1,  -22.571960 ,  -43.677370 ,2023-09-11 17:17:00,Brasil,RIO DE JANEIRO,ENGENHEIRO PAULO DE FRONTIN,Mata Atlântica
 1650015481 ,8a53a598-9086-3cb7-9418-8ba1f845d0b3,  -22.542730 ,  -44.054060 ,2023-09-11 17:17:00,Brasil,RIO DE JANEIRO,VOLTA REDONDA,Mata Atlântica
 1650015482 ,59ea77e0-c358-30f5-b423-91bdf427b247,  -22.540580 ,  -44.041320 ,2023-09-11 17:17:00,Brasil,RIO DE JANEIRO,VOLTA REDONDA,Mata Atlântica
 1650015483 ,0db253e6-9a22-3913-ad5d-7b8beeec7c1f,  -22.530410 ,  -44.043310 ,2023-09-11 17:17:00,Brasil,RIO DE JANEIRO,VOLTA REDONDA,Mata Atlântica
 1650015485 ,ca2f695b-1201-3dc1-834b-c0c82d88bac1,  -22.485630 ,  -43.591530 ,2023-09-11 17:17:00,Brasil,RIO DE JANEIRO,ENGENHEIRO PAULO DE FRONTIN,Mata Atlântica
 1650015486 ,7ece1684-1f2f-32a0-9d7e-0ac76a15f131,  -22.449720 ,  -44.480610 ,2023-09-11 17:17:00,Brasil,RIO DE JANEIRO,ITATIAIA,Mata Atlântica
 1650015489 ,363f1140-95f6-301b-8129-7bd34683b240,  -22.290210 ,  -44.071470 ,2023-09-11 17:17:00,Brasil,RIO DE JANEIRO,VALENÇA,Mata Atlântica
 1650015490 ,d26563a9-01c0-3a2d-bbd6-a2ff35203597,  -22.257840 ,  -43.719550 ,2023-09-11 17:17:00,Brasil,RIO DE JANEIRO,VALENÇA,Mata Atlântica
 1650015492 ,25c0e15c-7f34-33f6-994b-051b9bb6bbf4,  -22.085050 ,  -43.195230 ,2023-09-11 17:20:00,Brasil,RIO DE JANEIRO,TRÊS RIOS,Mata Atlântica
 1650015493 ,2f2d8a52-c65b-3301-8582-c3dae8e6c2b1,  -22.082800 ,  -43.202770 ,2023-09-11 17:20:00,Brasil,RIO DE JANEIRO,TRÊS RIOS,Mata Atlântica
 1650015494 ,cff694bb-d08e-3929-96ec-ad9fb11f9ea6,  -22.080260 ,  -43.187820 ,2023-09-11 17:20:00,Brasil,RIO DE JANEIRO,TRÊS RIOS,Mata Atlântica
 1650015496 ,88a73b43-3f2d-3a6f-8450-94c33a27b2b7,  -22.019730 ,  -43.290670 ,2023-09-11 17:20:00,Brasil,RIO DE JANEIRO,COMENDADOR LEVY GASPARIAN,Mata Atlântica
 1650015497 ,59bc7a24-23c5-3cb5-883c-445fcd58bc89,  -22.014560 ,  -41.238060 ,2023-09-11 17:17:00,Brasil,RIO DE JANEIRO,CAMPOS DOS GOYTACAZES,Mata Atlântica
 1650015502 ,6fc09ef7-08ee-3714-8a59-0167ee85500b,  -21.902120 ,  -41.418650 ,2023-09-11 17:17:00,Brasil,RIO DE JANEIRO,CAMPOS DOS GOYTACAZES,Mata Atlântica
 1650386146 ,9b95d42a-d85a-337b-bd1a-4ca07948ee61,  -22.475320 ,  -44.277950 ,2023-09-13 17:05:00,Brasil,RIO DE JANEIRO,BARRA MANSA,Mata Atlântica
 1650386147 ,63e0f95e-6f20-39aa-8ade-173bcaddbda6,  -22.509070 ,  -44.450160 ,2023-09-13 17:05:00,Brasil,RIO DE JANEIRO,RESENDE,Mata Atlântica
 1650386148 ,3b85a76d-cf42-36c2-b489-d6f574349bbc,  -22.853830 ,  -44.159590 ,2023-09-13 17:05:00,Brasil,RIO DE JANEIRO,RIO CLARO,Mata Atlântica
 1650386155 ,961cd168-3439-3200-8fbb-0cac391c55f7,  -22.265670 ,  -44.354820 ,2023-09-13 17:05:00,Brasil,RIO DE JANEIRO,RESENDE,Mata Atlântica
 1650386156 ,f5155a00-3e30-35d6-bccc-a4679222c6b3,  -22.267050 ,  -44.364430 ,2023-09-13 17:05:00,Brasil,RIO DE JANEIRO,RESENDE,Mata Atlântica
 1650386213 ,589a941f-44af-3da2-8a4a-6eb21238a2b3,  -22.494950 ,  -43.656940 ,2023-09-13 17:05:00,Brasil,RIO DE JANEIRO,ENGENHEIRO PAULO DE FRONTIN,Mata Atlântica
 1650386214 ,b5b4bc54-231f-3a1e-ac87-eee2f0414611,  -22.969290 ,  -43.622510 ,2023-09-13 17:05:00,Brasil,RIO DE JANEIRO,RIO DE JANEIRO,Mata Atlântica
 1650386215 ,223743df-be51-37af-8990-8b5bfeba6251,  -22.779910 ,  -43.032180 ,2023-09-13 17:05:00,Brasil,RIO DE JANEIRO,SÃO GONÇALO,Mata Atlântica
 1650386216 ,da646f91-71a8-3484-a5ca-71efc541e0d8,  -22.413750 ,  -43.542310 ,2023-09-13 17:05:00,Brasil,RIO DE JANEIRO,VASSOURAS,Mata Atlântica
 1650386217 ,3d283b2e-5029-37b6-bc77-c34f69741591,  -22.831940 ,  -42.823270 ,2023-09-13 17:05:00,Brasil,RIO DE JANEIRO,ITABORAÍ,Mata Atlântica
 1650386223 ,b10e523a-2097-3fc4-bcbf-5307b6037661,  -22.231620 ,  -43.556350 ,2023-09-13 17:05:00,Brasil,RIO DE JANEIRO,RIO DAS FLORES,Mata Atlântica
 1650386226 ,603a669a-bfe4-3b81-b3fc-e372b33de4d7,  -22.223920 ,  -43.563460 ,2023-09-13 17:05:00,Brasil,RIO DE JANEIRO,RIO DAS FLORES,Mata Atlântica
 1650386227 ,1fdee1e1-4df6-3b14-8f4b-4299e5f1a048,  -22.233060 ,  -43.566030 ,2023-09-13 17:05:00,Brasil,RIO DE JANEIRO,RIO DAS FLORES,Mata Atlântica
 1650386233 ,ea6b9b24-94f0-318b-af2e-6d2af5dd0ba4,  -22.032600 ,  -42.480240 ,2023-09-13 17:05:00,Brasil,RIO DE JANEIRO,DUAS BARRAS,Mata Atlântica
 1650386234 ,fee4e673-214d-3505-a34f-e50f93c48eac,  -22.212130 ,  -42.509730 ,2023-09-13 17:05:00,Brasil,RIO DE JANEIRO,NOVA FRIBURGO,Mata Atlântica
 1650386235 ,54dfa4ce-448f-3c87-8290-8a780a86260b,  -22.213670 ,  -42.519730 ,2023-09-13 17:05:00,Brasil,RIO DE JANEIRO,NOVA FRIBURGO,Mata Atlântica
 1650386236 ,db9b2a70-36c4-3af7-8ac6-35eace990d44,  -22.263970 ,  -42.557300 ,2023-09-13 17:05:00,Brasil,RIO DE JANEIRO,NOVA FRIBURGO,Mata Atlântica
 1650386237 ,89e8ee14-3ac5-3e17-a149-6541ce7e8d68,  -22.265530 ,  -42.567330 ,2023-09-13 17:05:00,Brasil,RIO DE JANEIRO,NOVA FRIBURGO,Mata Atlântica
 1650386318 ,9d2fe886-8495-3635-bd64-35a88130fcfb,  -22.566540 ,  -42.354930 ,2023-09-13 17:05:00,Brasil,RIO DE JANEIRO,SILVA JARDIM,Mata Atlântica
 1650386319 ,920ee611-6692-3a67-9b40-74a59ccc10c6,  -20.948260 ,  -41.826030 ,2023-09-13 17:05:00,Brasil,RIO DE JANEIRO,VARRE-SAI,Mata Atlântica
 1650386320 ,ba9dc0f0-5e87-3dcd-83e8-a8b597456120,  -21.831730 ,  -41.974640 ,2023-09-13 17:05:00,Brasil,RIO DE JANEIRO,SANTA MARIA MADALENA,Mata Atlântica
 1650386322 ,75e9d933-99a0-3782-93d9-31fea3ec5978,  -22.142130 ,  -42.364060 ,2023-09-13 17:05:00,Brasil,RIO DE JANEIRO,BOM JARDIM,Mata Atlântica
 1650386323 ,ac475f90-f3ab-3380-b6e0-b79253c3579b,  -22.143760 ,  -42.374400 ,2023-09-13 17:05:00,Brasil,RIO DE JANEIRO,BOM JARDIM,Mata Atlântica
 1651217496 ,ebd17527-52fc-3ca6-b309-ce400fe0d33e,  -22.028120 ,  -41.245850 ,2023-09-17 16:35:00,Brasil,RIO DE JANEIRO,CAMPOS DOS GOYTACAZES,Mata Atlântica
 1651433819 ,05d67cdd-bba2-3caa-8c9a-bd20be780c97,  -22.314270 ,  -43.350330 ,2023-09-18 17:15:00,Brasil,RIO DE JANEIRO,PATY DO ALFERES,Mata Atlântica
 1651433820 ,39692609-fd54-37c1-be2c-63bfa8d3727e,  -22.299330 ,  -43.137020 ,2023-09-18 17:15:00,Brasil,RIO DE JANEIRO,PETRÓPOLIS,Mata Atlântica
 1651433821 ,f2c634ee-1b82-3961-a3de-f999d83e5e4f,  -22.212210 ,  -43.528950 ,2023-09-18 17:17:00,Brasil,RIO DE JANEIRO,RIO DAS FLORES,Mata Atlântica
 1651433822 ,d90194b0-300a-3aba-9a9c-acaf84153c02,  -22.205060 ,  -43.736640 ,2023-09-18 17:17:00,Brasil,RIO DE JANEIRO,VALENÇA,Mata Atlântica
 1651433825 ,27c2a051-605a-38e8-8bad-7c1e7a925697,  -22.776210 ,  -43.476800 ,2023-09-18 17:15:00,Brasil,RIO DE JANEIRO,NOVA IGUAÇU,Mata Atlântica
 1651433826 ,2dae7364-f6cf-3113-a5b9-22f7b04d7cb2,  -22.440010 ,  -43.728000 ,2023-09-18 17:15:00,Brasil,RIO DE JANEIRO,VASSOURAS,Mata Atlântica
 1651433827 ,ae6532c4-09f0-33da-8f1d-04bb8d597b2f,  -22.437850 ,  -43.722910 ,2023-09-18 17:15:00,Brasil,RIO DE JANEIRO,VASSOURAS,Mata Atlântica
 1651433864 ,a83dda69-34a8-37ff-99e4-021821d20e1d,  -22.548620 ,  -44.203980 ,2023-09-18 17:15:00,Brasil,RIO DE JANEIRO,BARRA MANSA,Mata Atlântica
 1651433865 ,570ba302-ba0a-3378-8cae-69634e20223e,  -22.546730 ,  -44.192470 ,2023-09-18 17:15:00,Brasil,RIO DE JANEIRO,BARRA MANSA,Mata Atlântica
 1651433866 ,75bffe6c-9970-337b-b7d5-841808a36b33,  -22.456620 ,  -44.468540 ,2023-09-18 17:15:00,Brasil,RIO DE JANEIRO,RESENDE,Mata Atlântica
 1651777904 ,8aa35333-f567-307c-b468-b74ca1cd85a7,  -22.818930 ,  -44.250750 ,2023-09-20 17:02:00,Brasil,RIO DE JANEIRO,RIO CLARO,Mata Atlântica
 1652166954 ,6a8fbe99-6490-3b45-b974-de366832493e,  -20.951770 ,  -41.826980 ,2023-09-22 16:48:00,Brasil,RIO DE JANEIRO,VARRE-SAI,Mata Atlântica
 1652166957 ,438ef5b2-5505-3b69-ab3f-009769834132,  -22.667090 ,  -42.175740 ,2023-09-22 16:48:00,Brasil,RIO DE JANEIRO,ARARUAMA,Mata Atlântica
 1652166958 ,23a67223-4afe-32ba-98c7-b55bd673cdc7,  -22.621410 ,  -42.075260 ,2023-09-22 16:48:00,Brasil,RIO DE JANEIRO,CABO FRIO,Mata Atlântica
 1652166959 ,4618dfce-f13e-3fde-ac54-d0f93812f66a,  -22.555000 ,  -42.164250 ,2023-09-22 16:48:00,Brasil,RIO DE JANEIRO,CABO FRIO,Mata Atlântica
 1652166960 ,a103c1cd-1aae-3d7e-8c0d-51d138b532ff,  -22.551570 ,  -42.171470 ,2023-09-22 16:48:00,Brasil,RIO DE JANEIRO,CABO FRIO,Mata Atlântica
 1652166961 ,7102ca11-0ffc-3f09-9a72-d7ea706b3329,  -22.550100 ,  -42.160390 ,2023-09-22 16:48:00,Brasil,RIO DE JANEIRO,CABO FRIO,Mata Atlântica
 1652167150 ,b6555d59-3497-309c-aea9-13ea023abc2e,  -21.915830 ,  -42.746910 ,2023-09-22 16:48:00,Brasil,RIO DE JANEIRO,SAPUCAIA,Mata Atlântica
 1652167151 ,9ad4847a-9616-3fa4-8e70-69787cd39a1a,  -22.693030 ,  -42.862300 ,2023-09-22 16:48:00,Brasil,RIO DE JANEIRO,ITABORAÍ,Mata Atlântica
 1652167152 ,05a640f2-338c-3d3b-ba83-0d7dc16964ad,  -22.691510 ,  -42.850220 ,2023-09-22 16:48:00,Brasil,RIO DE JANEIRO,ITABORAÍ,Mata Atlântica
 1652167153 ,77bc0aa4-8c46-360a-9cbb-409bde7e12f4,  -22.681560 ,  -42.851680 ,2023-09-22 16:48:00,Brasil,RIO DE JANEIRO,ITABORAÍ,Mata Atlântica
 1652167154 ,f900500e-a802-32bd-b38c-88f6c3e1d6b6,  -22.467520 ,  -43.604480 ,2023-09-22 16:48:00,Brasil,RIO DE JANEIRO,ENGENHEIRO PAULO DE FRONTIN,Mata Atlântica
 1652167155 ,a7e6e229-061f-31b3-ac37-800e2cb8cced,  -22.452360 ,  -43.790850 ,2023-09-22 16:48:00,Brasil,RIO DE JANEIRO,BARRA DO PIRAÍ,Mata Atlântica
 1652167156 ,05da6ffd-66c2-3cf7-a535-eed2e58ae26c,  -22.450670 ,  -43.776970 ,2023-09-22 16:48:00,Brasil,RIO DE JANEIRO,BARRA DO PIRAÍ,Mata Atlântica
 1652167157 ,339eceab-43bd-3275-9a01-636becae7028,  -22.443600 ,  -43.149960 ,2023-09-22 16:48:00,Brasil,RIO DE JANEIRO,PETRÓPOLIS,Mata Atlântica
 1652167158 ,f1a54a93-c6ba-3198-b5a1-49f4d229b9bc,  -22.425640 ,  -43.403170 ,2023-09-22 16:48:00,Brasil,RIO DE JANEIRO,PATY DO ALFERES,Mata Atlântica
 1652530053 ,a521d105-3d16-31fb-9ca3-8d0149563d54,  -22.297150 ,  -43.348760 ,2023-09-23 17:28:00,Brasil,RIO DE JANEIRO,PATY DO ALFERES,Mata Atlântica
 1652766126 ,b09f16c8-b4c2-3fcc-8d34-45a2f086bd65,  -22.128150 ,  -43.312870 ,2023-09-24 16:33:00,Brasil,RIO DE JANEIRO,PARAÍBA DO SUL,Mata Atlântica
 1652766127 ,afcac32e-ea21-36ef-aeaf-2af1137544f9,  -22.125850 ,  -43.290620 ,2023-09-24 16:33:00,Brasil,RIO DE JANEIRO,PARAÍBA DO SUL,Mata Atlântica
 1652766129 ,9f8ffcfb-a8b9-3fca-b461-6a091b01f013,  -22.840490 ,  -42.805520 ,2023-09-24 16:33:00,Brasil,RIO DE JANEIRO,ITABORAÍ,Mata Atlântica
 1652766130 ,fc21aa5f-a05e-3695-9841-913723d8e331,  -22.687620 ,  -43.898130 ,2023-09-24 16:33:00,Brasil,RIO DE JANEIRO,PIRAÍ,Mata Atlântica
 1652766131 ,2e32ff64-ec54-3956-910b-771ffb642925,  -22.682640 ,  -43.905410 ,2023-09-24 16:33:00,Brasil,RIO DE JANEIRO,PIRAÍ,Mata Atlântica
 1652967987 ,1e7665d4-1234-37ae-97e6-7d0c0db8171c,  -21.906580 ,  -41.641080 ,2023-09-25 17:13:00,Brasil,RIO DE JANEIRO,CAMPOS DOS GOYTACAZES,Mata Atlântica
 1652968105 ,fbcfa558-c7c2-3b8f-aba6-f08be8845184,  -22.832680 ,  -43.931090 ,2023-09-25 17:13:00,Brasil,RIO DE JANEIRO,RIO CLARO,Mata Atlântica
 1652968106 ,02436426-abf3-3ecf-9f0c-3648a3b84080,  -22.701740 ,  -42.937920 ,2023-09-25 17:13:00,Brasil,RIO DE JANEIRO,ITABORAÍ,Mata Atlântica
 1652968107 ,7c1351c4-8489-339c-856f-0810e88990b3,  -22.701000 ,  -42.932140 ,2023-09-25 17:13:00,Brasil,RIO DE JANEIRO,ITABORAÍ,Mata Atlântica
 1652968108 ,7e1e7ff1-9b0e-3209-ac75-7289c456db1d,  -22.699630 ,  -42.925540 ,2023-09-25 17:13:00,Brasil,RIO DE JANEIRO,ITABORAÍ,Mata Atlântica
 1652968166 ,de07cc8c-309f-331b-bd7f-935c1079372c,  -22.633180 ,  -44.537170 ,2023-09-25 17:13:00,Brasil,RIO DE JANEIRO,RESENDE,Mata Atlântica
 1652968167 ,68118e4a-56a3-3124-8a4d-af7c328b1840,  -22.504460 ,  -44.711850 ,2023-09-25 17:13:00,Brasil,RIO DE JANEIRO,RESENDE,Mata Atlântica
 1653149010 ,788eee91-d7ea-3677-ac8b-55a4cf86f677,  -22.307410 ,  -42.939370 ,2023-09-26 16:18:00,Brasil,RIO DE JANEIRO,TERESÓPOLIS,Mata Atlântica
 1653149011 ,e92c1fe6-98fe-32fb-9fe5-9a63963b3d6d,  -22.293010 ,  -42.936660 ,2023-09-26 16:18:00,Brasil,RIO DE JANEIRO,TERESÓPOLIS,Mata Atlântica
 1653261721 ,0c59c69d-36f7-3065-b012-35e0a7bd2665,  -22.353670 ,  -41.921500 ,2023-09-27 16:58:00,Brasil,RIO DE JANEIRO,MACAÉ,Mata Atlântica
 1653261722 ,7623e125-8a5f-3451-9a4b-4b0fbd1af6cc,  -21.620700 ,  -41.459980 ,2023-09-27 16:58:00,Brasil,RIO DE JANEIRO,CARDOSO MOREIRA,Mata Atlântica
 1653261723 ,825afba4-90f4-3c43-a252-284b794f164e,  -21.617620 ,  -41.869030 ,2023-09-27 16:58:00,Brasil,RIO DE JANEIRO,SÃO FIDÉLIS,Mata Atlântica
 1653261724 ,d9cabf5c-acec-32dd-8137-230cb0a00234,  -21.616130 ,  -41.859210 ,2023-09-27 16:58:00,Brasil,RIO DE JANEIRO,SÃO FIDÉLIS,Mata Atlântica
 1641784058 ,09f586c3-29ca-3a61-94ce-e8baa78f77b0,  -22.812090 ,  -43.579250 ,2023-08-02 17:13:00,Brasil,RIO DE JANEIRO,NOVA IGUAÇU,Mata Atlântica
 1641784059 ,af186937-baa2-39ae-9825-864658327946,  -22.741280 ,  -43.764780 ,2023-08-02 17:13:00,Brasil,RIO DE JANEIRO,SEROPÉDICA,Mata Atlântica
 1641784060 ,b41eceb5-4be9-3cd1-bf53-31df18c791ea,  -22.710960 ,  -42.126760 ,2023-08-02 17:13:00,Brasil,RIO DE JANEIRO,SÃO PEDRO DA ALDEIA,Mata Atlântica
 1641784062 ,67d85aa3-244d-352d-9d22-3a53a473f432,  -22.617460 ,  -43.644230 ,2023-08-02 17:13:00,Brasil,RIO DE JANEIRO,MIGUEL PEREIRA,Mata Atlântica
 1641784084 ,f3269c2d-bd70-38dc-825b-30699e72528e,  -21.264280 ,  -41.786320 ,2023-08-02 17:13:00,Brasil,RIO DE JANEIRO,ITAPERUNA,Mata Atlântica
 1641784085 ,aa248a09-34d8-3239-bf09-aebaa4e71409,  -21.259560 ,  -41.780080 ,2023-08-02 17:13:00,Brasil,RIO DE JANEIRO,ITAPERUNA,Mata Atlântica
 1641784087 ,dac50e15-b3b4-38ef-8739-927c70a536df,  -21.159760 ,  -41.849160 ,2023-08-02 17:13:00,Brasil,RIO DE JANEIRO,ITAPERUNA,Mata Atlântica
 1642124086 ,33678c52-aaf0-34bb-8c1c-8ea43215caa2,  -22.837880 ,  -43.437840 ,2023-08-04 16:58:00,Brasil,RIO DE JANEIRO,NILÓPOLIS,Mata Atlântica
 1642124087 ,c73adf52-840a-3670-8db7-df48e3c4d2c2,  -22.836480 ,  -43.428180 ,2023-08-04 16:58:00,Brasil,RIO DE JANEIRO,NILÓPOLIS,Mata Atlântica
 1642124088 ,8b54e8e6-cd06-3b0c-9b2f-e1d81533aa04,  -22.487510 ,  -44.542830 ,2023-08-04 16:58:00,Brasil,RIO DE JANEIRO,ITATIAIA,Mata Atlântica
 1642124093 ,9bc9b88c-9d98-3eff-a4cd-9f944868a93b,  -22.192850 ,  -43.180320 ,2023-08-04 16:58:00,Brasil,RIO DE JANEIRO,TRÊS RIOS,Mata Atlântica
 1642519716 ,b7627988-d7aa-3f61-b102-be5066fb51f2,  -22.759050 ,  -43.635440 ,2023-08-06 16:45:00,Brasil,RIO DE JANEIRO,QUEIMADOS,Mata Atlântica
 1642519717 ,bf8368fc-48dd-3d94-ab17-b46ec88b25a7,  -22.607770 ,  -42.667460 ,2023-08-06 16:45:00,Brasil,RIO DE JANEIRO,CACHOEIRAS DE MACACU,Mata Atlântica
 1642519718 ,4371dd5f-7894-3aee-9c5d-0064529f9690,  -22.520670 ,  -42.698680 ,2023-08-06 16:45:00,Brasil,RIO DE JANEIRO,CACHOEIRAS DE MACACU,Mata Atlântica
 1642519719 ,bdf0e2a0-56c6-3f78-87c0-77c0ccf53747,  -22.436300 ,  -44.449130 ,2023-08-06 16:45:00,Brasil,RIO DE JANEIRO,RESENDE,Mata Atlântica
 1642519720 ,6bde8daa-a9cb-3c40-b827-9ca6b4202db9,  -22.434920 ,  -44.454710 ,2023-08-06 16:45:00,Brasil,RIO DE JANEIRO,RESENDE,Mata Atlântica
 1642519721 ,7d787790-993b-3b2f-a3c1-9ef85a5e13ab,  -22.427690 ,  -43.421650 ,2023-08-06 16:45:00,Brasil,RIO DE JANEIRO,PATY DO ALFERES,Mata Atlântica
 1642519722 ,31f48b17-56ef-3498-a4c7-ccc88bd0cc5f,  -22.426120 ,  -43.408800 ,2023-08-06 16:45:00,Brasil,RIO DE JANEIRO,PATY DO ALFERES,Mata Atlântica
 1642519734 ,4582372d-2932-3db7-bd9c-d5f1bacfc82e,  -21.577190 ,  -41.319820 ,2023-08-06 16:45:00,Brasil,RIO DE JANEIRO,CAMPOS DOS GOYTACAZES,Mata Atlântica
 1642519735 ,a15891c4-7c23-30fc-9c28-24d74b68eb1f,  -21.575840 ,  -41.309880 ,2023-08-06 16:45:00,Brasil,RIO DE JANEIRO,CAMPOS DOS GOYTACAZES,Mata Atlântica
 1642519736 ,8b17c934-3c19-38cf-9602-d22f46373179,  -21.472740 ,  -41.231570 ,2023-08-06 16:45:00,Brasil,RIO DE JANEIRO,SÃO FRANCISCO DE ITABAPOANA,Mata Atlântica
 1642519737 ,56dd39a8-5f04-3ceb-b651-3f3b4cee300b,  -21.469230 ,  -41.071380 ,2023-08-06 16:45:00,Brasil,RIO DE JANEIRO,SÃO FRANCISCO DE ITABAPOANA,Mata Atlântica
 1642519738 ,3bf508b1-0591-3a9c-acad-94b65b632419,  -21.460180 ,  -41.072830 ,2023-08-06 16:45:00,Brasil,RIO DE JANEIRO,SÃO FRANCISCO DE ITABAPOANA,Mata Atlântica
 1642519739 ,a1f6d4ae-502f-3318-9765-0bb28f28f5f3,  -21.458830 ,  -41.063040 ,2023-08-06 16:45:00,Brasil,RIO DE JANEIRO,SÃO FRANCISCO DE ITABAPOANA,Mata Atlântica
 1642668481 ,06daac16-9f2d-34e6-95a4-9f0eb6fb3249,  -21.893850 ,  -42.077720 ,2023-08-07 17:26:00,Brasil,RIO DE JANEIRO,SÃO SEBASTIÃO DO ALTO,Mata Atlântica
 1642668482 ,cf560d2f-4685-3269-867b-e3619c851178,  -21.893060 ,  -42.083340 ,2023-08-07 17:26:00,Brasil,RIO DE JANEIRO,SÃO SEBASTIÃO DO ALTO,Mata Atlântica
 1642668483 ,b5b774e8-fdbf-3393-af31-c205f4d9440c,  -21.887500 ,  -42.054680 ,2023-08-07 17:26:00,Brasil,RIO DE JANEIRO,SÃO SEBASTIÃO DO ALTO,Mata Atlântica
 1642668484 ,27517669-8352-377d-8704-991efb121463,  -21.487980 ,  -41.207440 ,2023-08-07 17:26:00,Brasil,RIO DE JANEIRO,SÃO FRANCISCO DE ITABAPOANA,Mata Atlântica
 1642668485 ,284a4d14-bff3-361d-af73-f4dc918df4e9,  -21.482310 ,  -41.203830 ,2023-08-07 17:26:00,Brasil,RIO DE JANEIRO,SÃO FRANCISCO DE ITABAPOANA,Mata Atlântica
 1642668496 ,df03af1b-9b9d-3ef6-86cc-a9d767c68b3f,  -22.697090 ,  -42.853560 ,2023-08-07 17:26:00,Brasil,RIO DE JANEIRO,ITABORAÍ,Mata Atlântica
 1642668517 ,9eead35a-092d-3f36-afbc-4f1bf7a9f3fc,  -22.523430 ,  -44.610500 ,2023-08-07 17:26:00,Brasil,RIO DE JANEIRO,ITATIAIA,Mata Atlântica
 1642952068 ,7374ec3d-d2a7-3e27-b0cf-5c004d784545,  -21.182690 ,  -42.046420 ,2023-08-08 16:33:00,Brasil,RIO DE JANEIRO,ITAPERUNA,Mata Atlântica
 1643606605 ,e1e0df6a-1e4f-3af9-9848-db6386e212bf,  -22.833000 ,  -42.873030 ,2023-08-11 16:56:00,Brasil,RIO DE JANEIRO,ITABORAÍ,Mata Atlântica
 1643606609 ,e773391c-c4bc-3093-8792-dad23d04f5db,  -22.721300 ,  -42.115380 ,2023-08-11 16:56:00,Brasil,RIO DE JANEIRO,SÃO PEDRO DA ALDEIA,Mata Atlântica
 1643606610 ,2f0a050e-4f30-3c1b-a3ef-27f943f6aee9,  -22.719830 ,  -42.105560 ,2023-08-11 16:56:00,Brasil,RIO DE JANEIRO,SÃO PEDRO DA ALDEIA,Mata Atlântica
 1643606611 ,981118df-5d74-344b-a4d2-2c0c522adc0d,  -22.718360 ,  -42.095730 ,2023-08-11 16:56:00,Brasil,RIO DE JANEIRO,SÃO PEDRO DA ALDEIA,Mata Atlântica
 1643606613 ,a08861e2-c9b5-3573-925b-61001069d2fa,  -22.537330 ,  -43.966850 ,2023-08-11 16:56:00,Brasil,RIO DE JANEIRO,PINHEIRAL,Mata Atlântica
 1643606621 ,06521930-c99d-3550-b77b-58690884dea2,  -22.440300 ,  -44.466450 ,2023-08-11 16:56:00,Brasil,RIO DE JANEIRO,RESENDE,Mata Atlântica
 1643606622 ,e689d204-7083-3c09-a536-eb3e19b87169,  -22.347950 ,  -43.793180 ,2023-08-11 16:56:00,Brasil,RIO DE JANEIRO,VALENÇA,Mata Atlântica
 1643606623 ,44fa0d61-ae3f-363c-90cd-477e6d8d94a0,  -22.282300 ,  -43.592340 ,2023-08-11 16:56:00,Brasil,RIO DE JANEIRO,VALENÇA,Mata Atlântica
 1643606624 ,32cfffaf-42a8-3e65-840b-f0e775de11ab,  -22.201100 ,  -44.059330 ,2023-08-11 16:58:00,Brasil,RIO DE JANEIRO,VALENÇA,Mata Atlântica
 1643606626 ,cb70173a-9341-3d0b-8113-4844f81b6ff5,  -22.199740 ,  -44.049480 ,2023-08-11 16:58:00,Brasil,RIO DE JANEIRO,VALENÇA,Mata Atlântica
 1643606627 ,a4cb32f4-8166-355e-ba4d-a8cd5fb97dba,  -22.191530 ,  -44.057460 ,2023-08-11 16:58:00,Brasil,RIO DE JANEIRO,VALENÇA,Mata Atlântica
 1643606640 ,d19d64a6-339f-3468-b64f-56a78cc0d04a,  -21.352420 ,  -41.073170 ,2023-08-11 16:58:00,Brasil,RIO DE JANEIRO,SÃO FRANCISCO DE ITABAPOANA,Mata Atlântica
 1643979778 ,b6a63409-0ab6-3f2e-a752-7490a02a83e2,  -21.577370 ,  -41.232060 ,2023-08-13 16:43:00,Brasil,RIO DE JANEIRO,CAMPOS DOS GOYTACAZES,Mata Atlântica
 1643979779 ,a8190baf-d2b4-33a5-b37c-2c139d87c4b1,  -21.575980 ,  -41.221880 ,2023-08-13 16:43:00,Brasil,RIO DE JANEIRO,CAMPOS DOS GOYTACAZES,Mata Atlântica
 1645016113 ,74b6cf00-e499-39a6-b160-b0b7be348761,  -22.108820 ,  -41.263960 ,2023-08-18 16:56:00,Brasil,RIO DE JANEIRO,QUISSAMÃ,Mata Atlântica
 1645016114 ,ab759974-8f9b-33c3-a56b-b03b9533841e,  -22.107270 ,  -41.253930 ,2023-08-18 16:56:00,Brasil,RIO DE JANEIRO,QUISSAMÃ,Mata Atlântica
 1645016115 ,080c68ac-05d7-3c57-8037-ad4f57876712,  -21.808280 ,  -41.342470 ,2023-08-18 16:56:00,Brasil,RIO DE JANEIRO,CAMPOS DOS GOYTACAZES,Mata Atlântica
 1645016116 ,6be530a2-89ad-3506-b276-fe72bb074a3a,  -21.234270 ,  -41.512510 ,2023-08-18 16:56:00,Brasil,RIO DE JANEIRO,BOM JESUS DO ITABAPOANA,Mata Atlântica
 1645016117 ,c75dd20c-6195-3fab-9cb5-13939d69dda3,  -21.226600 ,  -41.462610 ,2023-08-18 16:56:00,Brasil,RIO DE JANEIRO,CAMPOS DOS GOYTACAZES,Mata Atlântica
 1645016118 ,e1059baf-c4cb-3885-8a82-abe58094b804,  -21.225070 ,  -41.452650 ,2023-08-18 16:56:00,Brasil,RIO DE JANEIRO,CAMPOS DOS GOYTACAZES,Mata Atlântica
 1645016119 ,ea4d4eab-3fb2-3eba-a471-ba68d3e351dd,  -21.211850 ,  -41.905940 ,2023-08-18 16:56:00,Brasil,RIO DE JANEIRO,ITAPERUNA,Mata Atlântica
 1645016120 ,04998a72-97d9-3c85-9516-2a671d32b10a,  -22.316820 ,  -42.342060 ,2023-08-18 16:56:00,Brasil,RIO DE JANEIRO,NOVA FRIBURGO,Mata Atlântica
 1645016126 ,7e8c581d-d5db-37b1-8e68-bbc9688f6c63,  -22.353980 ,  -43.368730 ,2023-08-18 16:56:00,Brasil,RIO DE JANEIRO,PATY DO ALFERES,Mata Atlântica
 1645016127 ,ce399056-e9f7-327e-b320-bf3c2d236ed7,  -22.352610 ,  -43.358950 ,2023-08-18 16:56:00,Brasil,RIO DE JANEIRO,PATY DO ALFERES,Mata Atlântica
 1645016128 ,8f9d163a-3a7c-333b-83dc-203ca9010186,  -22.242050 ,  -43.493930 ,2023-08-18 16:56:00,Brasil,RIO DE JANEIRO,RIO DAS FLORES,Mata Atlântica
 1645016129 ,490da113-3fc3-37ad-9a46-98499982f93d,  -22.233330 ,  -43.490970 ,2023-08-18 16:56:00,Brasil,RIO DE JANEIRO,RIO DAS FLORES,Mata Atlântica
 1645016130 ,5f16fd33-f051-3afe-bb7e-fb548fa63b2c,  -22.112970 ,  -43.093640 ,2023-08-18 16:56:00,Brasil,RIO DE JANEIRO,TRÊS RIOS,Mata Atlântica
 1645016133 ,794bd3a6-85b0-3e6c-b8d7-9a9615625378,  -22.729700 ,  -43.826570 ,2023-08-18 16:56:00,Brasil,RIO DE JANEIRO,ITAGUAÍ,Mata Atlântica
 1645016134 ,e0d60e39-8983-3536-9c0f-15c27af252fc,  -22.722420 ,  -42.920010 ,2023-08-18 16:56:00,Brasil,RIO DE JANEIRO,ITABORAÍ,Mata Atlântica
 1645016135 ,93540345-4df1-378d-9fd7-a698e32708e0,  -22.704280 ,  -42.918840 ,2023-08-18 16:56:00,Brasil,RIO DE JANEIRO,ITABORAÍ,Mata Atlântica
 1645016136 ,8cdb20b1-36c9-3a76-a83e-849671733cfa,  -22.414070 ,  -43.468800 ,2023-08-18 16:56:00,Brasil,RIO DE JANEIRO,PATY DO ALFERES,Mata Atlântica
 1645206191 ,c6e0e141-ed30-3e3e-8ef0-09ad3ac190d0,  -22.488850 ,  -43.811210 ,2023-08-19 17:37:00,Brasil,RIO DE JANEIRO,BARRA DO PIRAÍ,Mata Atlântica
 1645206192 ,a79a5d86-b3ef-35b8-9b0e-ac9d7a943821,  -22.486470 ,  -43.804580 ,2023-08-19 17:37:00,Brasil,RIO DE JANEIRO,BARRA DO PIRAÍ,Mata Atlântica
 1645799083 ,433fb002-e5f4-323a-b38b-9271a7939fdc,  -21.931350 ,  -41.288190 ,2023-08-22 16:26:00,Brasil,RIO DE JANEIRO,CAMPOS DOS GOYTACAZES,Mata Atlântica
 1645799084 ,759428e6-a286-341c-96fc-d69b6fec3acb,  -21.929260 ,  -41.270000 ,2023-08-22 16:26:00,Brasil,RIO DE JANEIRO,CAMPOS DOS GOYTACAZES,Mata Atlântica
 1645799085 ,fd7e96df-0350-3986-81b9-c87cef5df833,  -21.923400 ,  -41.284290 ,2023-08-22 16:26:00,Brasil,RIO DE JANEIRO,CAMPOS DOS GOYTACAZES,Mata Atlântica
 1646125547 ,8fb84089-3641-3937-be39-c8529ce2fae5,  -21.916730 ,  -41.365260 ,2023-08-23 17:09:00,Brasil,RIO DE JANEIRO,CAMPOS DOS GOYTACAZES,Mata Atlântica
 1646125548 ,b37168f5-9e37-3d8c-8bef-44eee737ae9b,  -21.526080 ,  -41.244580 ,2023-08-23 17:09:00,Brasil,RIO DE JANEIRO,SÃO FRANCISCO DE ITABAPOANA,Mata Atlântica
 1646125549 ,35baac42-b4e6-325e-bdf3-cfb5c53f6b69,  -21.464710 ,  -41.965130 ,2023-08-23 17:09:00,Brasil,RIO DE JANEIRO,CAMBUCI,Mata Atlântica
 1646125550 ,36dfc126-4e35-3660-9b71-5d33238ba2fe,  -22.844960 ,  -42.298160 ,2023-08-23 17:09:00,Brasil,RIO DE JANEIRO,ARARUAMA,Mata Atlântica
 1646125551 ,88191c21-cdef-3b78-9f7f-d293adc166b5,  -22.615020 ,  -42.087190 ,2023-08-23 17:09:00,Brasil,RIO DE JANEIRO,CABO FRIO,Mata Atlântica
 1646125552 ,3e2947f9-ebb8-3986-832f-de36a5f20fdc,  -22.612920 ,  -42.074570 ,2023-08-23 17:09:00,Brasil,RIO DE JANEIRO,CABO FRIO,Mata Atlântica
 1646125601 ,4b0f27c8-6638-33a4-b57e-d56688326b36,  -22.656640 ,  -43.607740 ,2023-08-23 17:09:00,Brasil,RIO DE JANEIRO,JAPERI,Mata Atlântica
 1646125602 ,be6c09a3-9a85-3db0-965a-5711394d92e0,  -22.462760 ,  -43.851860 ,2023-08-23 17:09:00,Brasil,RIO DE JANEIRO,BARRA DO PIRAÍ,Mata Atlântica
 1646125603 ,b9235c60-b1f1-3869-ac21-40d00a4a180a,  -22.869240 ,  -42.876640 ,2023-08-23 17:09:00,Brasil,RIO DE JANEIRO,ITABORAÍ,Mata Atlântica
 1646125604 ,cd4a8b71-302d-3033-8d61-d215dbd89238,  -22.666600 ,  -42.910600 ,2023-08-23 17:09:00,Brasil,RIO DE JANEIRO,ITABORAÍ,Mata Atlântica
 1646125605 ,a50e8473-5c80-3d4a-930f-a9cd4aaa28ec,  -22.655110 ,  -42.901080 ,2023-08-23 17:09:00,Brasil,RIO DE JANEIRO,ITABORAÍ,Mata Atlântica
 1646315799 ,43ba149e-7121-3668-96d4-f19428ab4338,  -21.272430 ,  -41.491740 ,2023-08-24 16:13:00,Brasil,RIO DE JANEIRO,CAMPOS DOS GOYTACAZES,Mata Atlântica
 1646315800 ,39b38b87-a7be-39f2-ab30-20664cd0617e,  -21.268560 ,  -41.519920 ,2023-08-24 16:13:00,Brasil,RIO DE JANEIRO,CAMPOS DOS GOYTACAZES,Mata Atlântica
 1646315801 ,098f5e49-b701-3808-aedc-d801cbc600fe,  -21.265480 ,  -41.485200 ,2023-08-24 16:13:00,Brasil,RIO DE JANEIRO,CAMPOS DOS GOYTACAZES,Mata Atlântica
 1646570096 ,0d460cdb-9dc4-3230-b79e-733435eb9085,  -22.880320 ,  -43.700760 ,2023-08-25 16:54:00,Brasil,RIO DE JANEIRO,RIO DE JANEIRO,Mata Atlântica
 1646570097 ,c5f1d228-c4d3-3551-b96a-c94d0aa8d293,  -22.394900 ,  -43.711400 ,2023-08-25 16:54:00,Brasil,RIO DE JANEIRO,VASSOURAS,Mata Atlântica
 1646570098 ,c840c3dd-f26d-3107-9745-9fb73be651f4,  -22.342870 ,  -42.937190 ,2023-08-25 16:54:00,Brasil,RIO DE JANEIRO,TERESÓPOLIS,Mata Atlântica
 1646570100 ,28a304a0-48b0-3d3a-bbd5-53061dbda1df,  -22.184720 ,  -43.055720 ,2023-08-25 16:54:00,Brasil,RIO DE JANEIRO,AREAL,Mata Atlântica
 1646570104 ,60669eea-f044-3205-babf-1e4dc6a604c5,  -22.099810 ,  -43.236520 ,2023-08-25 16:54:00,Brasil,RIO DE JANEIRO,TRÊS RIOS,Mata Atlântica
 1646570105 ,2588b2bf-8e45-3960-a64b-d612f153a30b,  -22.098460 ,  -43.226740 ,2023-08-25 16:54:00,Brasil,RIO DE JANEIRO,TRÊS RIOS,Mata Atlântica
 1646570106 ,06fb6b49-e598-3e7a-a5e1-b47f85ba4f1c,  -22.090740 ,  -43.237990 ,2023-08-25 16:54:00,Brasil,RIO DE JANEIRO,TRÊS RIOS,Mata Atlântica
 1646570107 ,6a6f7ccf-03a9-314b-8a5f-119723df05d8,  -22.089400 ,  -43.228180 ,2023-08-25 16:54:00,Brasil,RIO DE JANEIRO,TRÊS RIOS,Mata Atlântica
 1646570116 ,2385dd4d-56b3-3004-9d2f-cb27df029a24,  -21.691730 ,  -41.860370 ,2023-08-25 16:54:00,Brasil,RIO DE JANEIRO,SÃO FIDÉLIS,Mata Atlântica
 1646570117 ,f76abb5e-1a37-3574-a171-37dc70ef6418,  -21.690320 ,  -41.850780 ,2023-08-25 16:54:00,Brasil,RIO DE JANEIRO,SÃO FIDÉLIS,Mata Atlântica
 1646570118 ,0bc8249f-92b0-38a1-9c54-a25016318f4f,  -21.682780 ,  -41.861880 ,2023-08-25 16:54:00,Brasil,RIO DE JANEIRO,SÃO FIDÉLIS,Mata Atlântica
 1646570119 ,b02f90c6-49de-3c43-8355-cd7f6010027d,  -21.681370 ,  -41.852290 ,2023-08-25 16:54:00,Brasil,RIO DE JANEIRO,SÃO FIDÉLIS,Mata Atlântica
 1637692718 ,41ee20af-6828-30f7-9dc0-73b94f2bd641,  -21.209490 ,  -42.129400 ,2023-07-13 16:22:00,Brasil,RIO DE JANEIRO,LAJE DO MURIAÉ,Mata Atlântica
 1637692720 ,4e7ae3d3-37a2-3d24-a15e-e98b5c973441,  -21.212010 ,  -42.153830 ,2023-07-13 16:22:00,Brasil,RIO DE JANEIRO,LAJE DO MURIAÉ,Mata Atlântica
 1637692721 ,2fe6ab4a-2216-344b-a8b4-fc53e88b07a6,  -21.218200 ,  -42.145940 ,2023-07-13 16:22:00,Brasil,RIO DE JANEIRO,LAJE DO MURIAÉ,Mata Atlântica
 1637692724 ,e7ba24e7-b9f9-318f-aadd-0464db67b0ec,  -22.151790 ,  -43.274890 ,2023-07-13 16:22:00,Brasil,RIO DE JANEIRO,PARAÍBA DO SUL,Mata Atlântica
 1637692725 ,25b6ca59-48a4-3297-9469-543505f05fef,  -22.277510 ,  -43.183770 ,2023-07-13 16:22:00,Brasil,RIO DE JANEIRO,PARAÍBA DO SUL,Mata Atlântica
 1637692728 ,d7ede873-d2d3-3c70-9426-b7fb4d88766e,  -22.334990 ,  -43.524480 ,2023-07-13 16:22:00,Brasil,RIO DE JANEIRO,VASSOURAS,Mata Atlântica
 1637692731 ,e165e7e9-a7a9-3f20-8f18-4a53c8ee4cd1,  -22.337790 ,  -43.557550 ,2023-07-13 16:22:00,Brasil,RIO DE JANEIRO,VASSOURAS,Mata Atlântica
 1637692734 ,d05adbcc-add6-3598-9cff-147da0fd4ae9,  -22.340180 ,  -43.528370 ,2023-07-13 16:22:00,Brasil,RIO DE JANEIRO,VASSOURAS,Mata Atlântica
 1637692737 ,6dab09cf-70f5-3f32-9a8e-87d3d79a2e2f,  -22.343230 ,  -43.561610 ,2023-07-13 16:22:00,Brasil,RIO DE JANEIRO,VASSOURAS,Mata Atlântica
 1637692739 ,9deff729-8546-3513-a9b0-55d4bc9eecd8,  -22.477680 ,  -44.062310 ,2023-07-13 16:22:00,Brasil,RIO DE JANEIRO,VOLTA REDONDA,Mata Atlântica
 1637692740 ,0102df67-3864-3dc5-b6e3-cc4599266f64,  -22.580970 ,  -43.930880 ,2023-07-13 16:22:00,Brasil,RIO DE JANEIRO,PIRAÍ,Mata Atlântica
 1637692743 ,3075663e-8610-3fd0-bcf6-cf6e94a2682b,  -22.589250 ,  -43.934140 ,2023-07-13 16:22:00,Brasil,RIO DE JANEIRO,PIRAÍ,Mata Atlântica
 1637692744 ,c9d113b4-9f17-3566-b5f1-c404570d3122,  -22.827110 ,  -42.791930 ,2023-07-13 16:22:00,Brasil,RIO DE JANEIRO,ITABORAÍ,Mata Atlântica
 1637692746 ,ec16aaea-028a-32e8-99a3-e88365c4ffe3,  -22.828930 ,  -43.481900 ,2023-07-13 16:22:00,Brasil,RIO DE JANEIRO,MESQUITA,Mata Atlântica
 1637692747 ,094a763b-e7af-38fc-90ff-27f28cc8e923,  -22.867470 ,  -42.906250 ,2023-07-13 16:22:00,Brasil,RIO DE JANEIRO,SÃO GONÇALO,Mata Atlântica
 1637692750 ,74787b0a-b47d-3708-b8a7-8a3462abd21e,  -22.868940 ,  -42.757270 ,2023-07-13 16:22:00,Brasil,RIO DE JANEIRO,MARICÁ,Mata Atlântica
 1637692752 ,12debc31-3c32-35a7-b145-3308d9126470,  -22.870230 ,  -42.936820 ,2023-07-13 16:22:00,Brasil,RIO DE JANEIRO,SÃO GONÇALO,Mata Atlântica
 1637692754 ,3225c2d1-515a-3432-9af1-cb7b69b70a18,  -22.871750 ,  -42.787710 ,2023-07-13 16:22:00,Brasil,RIO DE JANEIRO,MARICÁ,Mata Atlântica
 1637692755 ,6c2b4650-525c-38dc-93a8-1f6cd047596a,  -22.894500 ,  -43.509160 ,2023-07-13 16:22:00,Brasil,RIO DE JANEIRO,RIO DE JANEIRO,Mata Atlântica
 1637692758 ,d1555911-04dc-3d89-a34c-6ccecd901c69,  -22.930390 ,  -42.930990 ,2023-07-13 16:22:00,Brasil,RIO DE JANEIRO,MARICÁ,Mata Atlântica
 1637692759 ,a8bdc110-90ae-3345-beb0-0076e92cfcea,  -22.932110 ,  -42.954580 ,2023-07-13 16:22:00,Brasil,RIO DE JANEIRO,MARICÁ,Mata Atlântica
 1633240766 ,f3754de0-f8e8-3982-b7ca-f18a93dcbba0,  -21.741120 ,  -42.152390 ,2023-06-13 16:39:00,Brasil,RIO DE JANEIRO,ITAOCARA,Mata Atlântica
 1633240768 ,5dbdbc0c-06f1-36e7-a992-b6f8035c1206,  -21.750960 ,  -42.150740 ,2023-06-13 16:39:00,Brasil,RIO DE JANEIRO,ITAOCARA,Mata Atlântica
 1633240769 ,7130a571-b7aa-30e9-94bc-8aef8c4f65e8,  -22.343060 ,  -43.678430 ,2023-06-13 16:39:00,Brasil,RIO DE JANEIRO,VALENÇA,Mata Atlântica
 1635246087 ,6ab8fa21-e439-3737-aba5-902be4821777,  -22.386760 ,  -42.247110 ,2023-06-29 16:24:00,Brasil,RIO DE JANEIRO,CASIMIRO DE ABREU,Mata Atlântica
 1622576780 ,e675fa81-67c4-33cf-8d83-88a66268382b,  -22.296200 ,  -42.709290 ,2023-03-05 16:49:00,Brasil,RIO DE JANEIRO,NOVA FRIBURGO,Mata Atlântica
 1621906148 ,f45be6d9-b31b-3718-84d9-cd3db74bf1e8,  -21.992910 ,  -42.372940 ,2023-02-26 16:47:00,Brasil,RIO DE JANEIRO,CANTAGALO,Mata Atlântica
 1616504621 ,8884faf2-fac2-3332-819a-3d660553cfed,  -22.529200 ,  -42.979430 ,2023-01-15 16:34:00,Brasil,RIO DE JANEIRO,GUAPIMIRIM,Mata Atlântica
 1616504622 ,8d56fabc-e8b5-352f-b606-eb1faa4dd5cd,  -22.980090 ,  -44.296530 ,2023-01-15 16:34:00,Brasil,RIO DE JANEIRO,ANGRA DOS REIS,Mata Atlântica
 1616504623 ,a7a0c9b1-53f3-37b2-b704-42e3353f2f64,  -22.875070 ,  -43.784100 ,2023-01-15 16:34:00,Brasil,RIO DE JANEIRO,ITAGUAÍ,Mata Atlântica
 1659805111 ,5ecf32bc-98ec-3448-a592-122c53fa1764,  -22.273190 ,  -44.014890 ,2023-11-06 16:54:00,Brasil,RIO DE JANEIRO,VALENÇA,Mata Atlântica
 1659805112 ,32a32d44-aebd-3883-993c-3a03d3735ffb,  -22.271650 ,  -44.003180 ,2023-11-06 16:54:00,Brasil,RIO DE JANEIRO,VALENÇA,Mata Atlântica
 1659805113 ,9c69c4d7-8cbd-385e-a662-3a20f70ca97a,  -22.262290 ,  -42.842940 ,2023-11-06 16:54:00,Brasil,RIO DE JANEIRO,TERESÓPOLIS,Mata Atlântica
 1659805119 ,c22eb0fc-77f1-3a82-b6b3-3c29fc7895df,  -21.698020 ,  -41.449390 ,2023-11-06 16:54:00,Brasil,RIO DE JANEIRO,CAMPOS DOS GOYTACAZES,Mata Atlântica
 1659805120 ,cbc2222c-c9e4-3cf5-ab38-8efb0565c2ac,  -21.696620 ,  -41.439810 ,2023-11-06 16:54:00,Brasil,RIO DE JANEIRO,CAMPOS DOS GOYTACAZES,Mata Atlântica
 1660357801 ,bcf5d609-61e6-3d5c-9589-153c0daef731,  -22.505080 ,  -44.018100 ,2023-11-10 16:24:00,Brasil,RIO DE JANEIRO,PINHEIRAL,Mata Atlântica
 1660809193 ,5bec9152-1d2f-3498-b03a-c84aa601cae1,  -21.476410 ,  -41.487790 ,2023-11-13 16:52:00,Brasil,RIO DE JANEIRO,CARDOSO MOREIRA,Mata Atlântica
 1660809194 ,00352e1d-ab01-3b69-8850-4796c110e730,  -21.475030 ,  -41.478050 ,2023-11-13 16:52:00,Brasil,RIO DE JANEIRO,CARDOSO MOREIRA,Mata Atlântica
 1660809365 ,d6364514-fa4b-3dc8-bccb-2f947b8c1d19,  -22.358830 ,  -43.157330 ,2023-11-13 16:52:00,Brasil,RIO DE JANEIRO,PETRÓPOLIS,Mata Atlântica
 1660809366 ,9e12e745-f7a2-3594-a320-0413d4867126,  -22.357360 ,  -43.145650 ,2023-11-13 16:52:00,Brasil,RIO DE JANEIRO,PETRÓPOLIS,Mata Atlântica
 1660809369 ,a45a5388-2a83-30e7-b305-5e6bbacfa31d,  -22.706150 ,  -42.629870 ,2023-11-13 16:52:00,Brasil,RIO DE JANEIRO,RIO BONITO,Mata Atlântica
 1661153069 ,cf45447e-e4d5-3ecf-bfa9-335d8eda7f9f,  -20.853640 ,  -41.878740 ,2023-11-15 16:37:00,Brasil,RIO DE JANEIRO,PORCIÚNCULA,Mata Atlântica
 1661153075 ,72f52ea6-3e44-3f42-9b9d-8a7289a9113a,  -22.741130 ,  -42.037830 ,2023-11-15 16:37:00,Brasil,RIO DE JANEIRO,CABO FRIO,Mata Atlântica
 1661153207 ,a0d06f14-f541-3f1c-92a4-4f3ac7fd2829,  -22.291230 ,  -42.916070 ,2023-11-15 16:37:00,Brasil,RIO DE JANEIRO,TERESÓPOLIS,Mata Atlântica
 1661153208 ,feb6787f-6de0-399c-803e-c023cfaf296d,  -22.096240 ,  -42.462650 ,2023-11-15 16:37:00,Brasil,RIO DE JANEIRO,DUAS BARRAS,Mata Atlântica
 1661319078 ,f163323b-ae51-3c2f-b32f-d38df9a354c5,  -22.157430 ,  -42.851960 ,2023-11-16 17:19:00,Brasil,RIO DE JANEIRO,SAPUCAIA,Mata Atlântica
 1661319079 ,6577c9db-a51c-37fb-b78a-bffdf4a10032,  -22.154910 ,  -42.837510 ,2023-11-16 17:19:00,Brasil,RIO DE JANEIRO,SÃO JOSÉ DO VALE DO RIO PRETO,Mata Atlântica
 1661662314 ,1be092ac-b73b-35d8-b65d-3e6bb3d93811,  -22.166540 ,  -42.863520 ,2023-11-18 17:04:00,Brasil,RIO DE JANEIRO,SÃO JOSÉ DO VALE DO RIO PRETO,Mata Atlântica
 1661662315 ,7eb1bc0b-6279-3616-b8c2-2e4888e84830,  -22.157610 ,  -42.865080 ,2023-11-18 17:04:00,Brasil,RIO DE JANEIRO,SAPUCAIA,Mata Atlântica
 1661662316 ,f895fb1e-38dd-34fa-8547-23f39a96f3ac,  -22.148670 ,  -42.866510 ,2023-11-18 17:04:00,Brasil,RIO DE JANEIRO,SAPUCAIA,Mata Atlântica
 1661662319 ,7710a58e-0368-30a2-b671-4ac570a96ba6,  -22.756010 ,  -42.608180 ,2023-11-18 17:04:00,Brasil,RIO DE JANEIRO,RIO BONITO,Mata Atlântica
 1661662320 ,e5651c51-8290-32fc-9599-d8e2a25cd0f1,  -22.570320 ,  -44.072030 ,2023-11-18 17:04:00,Brasil,RIO DE JANEIRO,VOLTA REDONDA,Mata Atlântica
 1663230133 ,2e93adcd-65fb-38a8-8285-f276e5204a1a,  -21.458850 ,  -41.204050 ,2023-12-06 16:24:00,Brasil,RIO DE JANEIRO,SÃO FRANCISCO DE ITABAPOANA,Mata Atlântica
 1663230134 ,56e6209a-b188-3d27-bf54-5f470c0ae0f4,  -21.453880 ,  -41.209480 ,2023-12-06 16:24:00,Brasil,RIO DE JANEIRO,SÃO FRANCISCO DE ITABAPOANA,Mata Atlântica
 1663357242 ,0359a3c8-070a-342d-9a7f-34932ad2b0c1,  -22.192880 ,  -41.657620 ,2023-12-07 17:06:00,Brasil,RIO DE JANEIRO,CARAPEBUS,Mata Atlântica
 1663357247 ,9318c98f-bd6f-30e8-a650-41f95898127a,  -21.506670 ,  -42.172100 ,2023-12-07 17:06:00,Brasil,RIO DE JANEIRO,SANTO ANTÔNIO DE PÁDUA,Mata Atlântica
 1664322847 ,ac3aaa7e-ec95-3c22-af2c-9ebb3ba65f0c,  -22.721620 ,  -42.067390 ,2023-12-16 16:47:00,Brasil,RIO DE JANEIRO,CABO FRIO,Mata Atlântica
 1640828951 ,83f27e19-6ca9-3e09-a793-ac6b5c90992a,  -21.548760 ,  -42.206560 ,2023-07-31 17:28:00,Brasil,RIO DE JANEIRO,SANTO ANTÔNIO DE PÁDUA,Mata Atlântica
 1640828952 ,b499adeb-cc01-3ec7-adcf-cba4a40be0ab,  -21.546910 ,  -42.202040 ,2023-07-31 17:28:00,Brasil,RIO DE JANEIRO,SANTO ANTÔNIO DE PÁDUA,Mata Atlântica
 1640828954 ,75f2e1c3-86d0-325e-9b6c-5b82320d7f56,  -21.363450 ,  -41.980710 ,2023-07-31 17:28:00,Brasil,RIO DE JANEIRO,SÃO JOSÉ DE UBÁ,Mata Atlântica
 1640405064 ,25b9f37f-f2cb-3938-b131-e4ccda6bcd9a,  -22.898530 ,  -43.660090 ,2023-07-28 17:00:00,Brasil,RIO DE JANEIRO,RIO DE JANEIRO,Mata Atlântica
 1640405065 ,61b399a1-baa2-38ee-8a94-5a2512d8090a,  -22.897120 ,  -43.650420 ,2023-07-28 17:00:00,Brasil,RIO DE JANEIRO,RIO DE JANEIRO,Mata Atlântica
 1640405066 ,ecb82ac8-22c8-36d3-b9f0-bd70252fe649,  -22.889580 ,  -43.661630 ,2023-07-28 17:00:00,Brasil,RIO DE JANEIRO,RIO DE JANEIRO,Mata Atlântica
 1640405067 ,db8fc091-90c0-39d7-b990-b865288321bc,  -22.775650 ,  -43.579000 ,2023-07-28 17:00:00,Brasil,RIO DE JANEIRO,NOVA IGUAÇU,Mata Atlântica
 1640405068 ,7b3e88bb-9344-3e7b-9673-d2412cd8ec65,  -22.774240 ,  -43.569320 ,2023-07-28 17:00:00,Brasil,RIO DE JANEIRO,NOVA IGUAÇU,Mata Atlântica
 1640405069 ,74c4e444-6a6d-3b60-8486-23f3016d4a3b,  -22.771380 ,  -42.740340 ,2023-07-28 17:00:00,Brasil,RIO DE JANEIRO,TANGUÁ,Mata Atlântica
 1640405070 ,8b1ef9af-1c89-3b61-99cc-d766b825ab1d,  -22.629060 ,  -42.904620 ,2023-07-28 17:00:00,Brasil,RIO DE JANEIRO,GUAPIMIRIM,Mata Atlântica
 1640405071 ,37b4532d-0163-3058-ae88-cf16ae86d8d2,  -22.620620 ,  -42.901530 ,2023-07-28 17:00:00,Brasil,RIO DE JANEIRO,CACHOEIRAS DE MACACU,Mata Atlântica
 1640405072 ,a308fab4-356a-390b-b6b8-0051b5aa8df9,  -22.588870 ,  -43.623530 ,2023-07-28 17:00:00,Brasil,RIO DE JANEIRO,PARACAMBI,Mata Atlântica
 1640405073 ,182cfdd0-26d1-3279-86f8-abc82a052503,  -22.587460 ,  -43.613890 ,2023-07-28 17:00:00,Brasil,RIO DE JANEIRO,MIGUEL PEREIRA,Mata Atlântica
 1640405074 ,3d0e55e0-6178-390b-aa7d-205037f84f75,  -22.579920 ,  -43.625100 ,2023-07-28 17:00:00,Brasil,RIO DE JANEIRO,PARACAMBI,Mata Atlântica
 1640405079 ,7b0159a5-039e-3ea2-9f90-7e48014d12f4,  -21.794970 ,  -41.208220 ,2023-07-28 17:00:00,Brasil,RIO DE JANEIRO,CAMPOS DOS GOYTACAZES,Mata Atlântica
 1640405080 ,870316bc-269a-3b7c-bda5-b8037f02b5ad,  -21.793130 ,  -41.196720 ,2023-07-28 17:00:00,Brasil,RIO DE JANEIRO,CAMPOS DOS GOYTACAZES,Mata Atlântica
